transaction_id,date,amount,account,description,user,counterparty,flagged_benford,flagged_duplicate,flagged_round_number,flagged_outlier,flagged_journal_entry,flagged_related_party,flag_count,flag_reasons
TXN10006,2025-02-10 16:18:00,390000.0,Savings Deposit,Micro Business Loan - Savings Deposit,F. Kalemela,Lucy Ngonyani,True,True,True,True,False,False,4,"Benford's Law: leading digit over-represented vs. expected distribution | Potential duplicate payment: same counterparty, account, and amount within 3 day(s) | Round-number transaction: Moderately round (multiple of 10,000) — atypical for organically-occurring amounts, common in estimated/fabricated entries | Statistical outlier (modified z-score) within 'Savings Deposit' — high extreme relative to peer transactions"
TXN-DUP4,2025-02-10 19:18:00,390000.0,Savings Deposit,Micro Business Loan - Savings Deposit,F. Kalemela,Lucy Ngonyani,True,True,True,True,False,False,4,"Benford's Law: leading digit over-represented vs. expected distribution | Potential duplicate payment: same counterparty, account, and amount within 3 day(s) | Round-number transaction: Moderately round (multiple of 10,000) — atypical for organically-occurring amounts, common in estimated/fabricated entries | Statistical outlier (modified z-score) within 'Savings Deposit' — high extreme relative to peer transactions"
TXN-RND0,2025-11-19 09:37:00,10000000.0,Loan Disbursement,Micro Business Loan - Loan Disbursement,A. Mwakasege,Catherine Mushi,True,False,True,True,False,False,3,"Benford's Law: leading digit over-represented vs. expected distribution | Round-number transaction: Extremely round (multiple of 1,000,000) — atypical for organically-occurring amounts, common in estimated/fabricated entries | Statistical outlier (modified z-score) within 'Loan Disbursement' — high extreme relative to peer transactions"
TXN-RND1,2025-02-03 11:57:00,3000000.0,Loan Disbursement,Micro Business Loan - Loan Disbursement,S. Ngowi,Elisha Kileo,True,False,True,True,False,False,3,"Benford's Law: leading digit over-represented vs. expected distribution | Round-number transaction: Extremely round (multiple of 1,000,000) — atypical for organically-occurring amounts, common in estimated/fabricated entries | Statistical outlier (modified z-score) within 'Loan Disbursement' — high extreme relative to peer transactions"
TXN-RND6,2025-03-12 14:12:00,3000000.0,Loan Disbursement,Micro Business Loan - Loan Disbursement,R. Temba,Hamisi Mboya,True,False,True,True,False,False,3,"Benford's Law: leading digit over-represented vs. expected distribution | Round-number transaction: Extremely round (multiple of 1,000,000) — atypical for organically-occurring amounts, common in estimated/fabricated entries | Statistical outlier (modified z-score) within 'Loan Disbursement' — high extreme relative to peer transactions"
TXN-RND7,2025-10-06 08:24:00,3000000.0,Loan Disbursement,Micro Business Loan - Loan Disbursement,A. Mwakasege,Pendo Sanga,True,False,True,True,False,False,3,"Benford's Law: leading digit over-represented vs. expected distribution | Round-number transaction: Extremely round (multiple of 1,000,000) — atypical for organically-occurring amounts, common in estimated/fabricated entries | Statistical outlier (modified z-score) within 'Loan Disbursement' — high extreme relative to peer transactions"
TXN10071,2025-05-21 15:04:00,373900.0,Savings Deposit,Salary Advance - Savings Deposit,A. Mwakasege,Joseph Lyimo,True,True,False,True,False,False,3,"Benford's Law: leading digit over-represented vs. expected distribution | Potential duplicate payment: same counterparty, account, and amount within 3 day(s) | Statistical outlier (modified z-score) within 'Savings Deposit' — high extreme relative to peer transactions"
TXN-DUP2,2025-05-21 17:04:00,373900.0,Savings Deposit,Salary Advance - Savings Deposit,A. Mwakasege,Joseph Lyimo,True,True,False,True,False,False,3,"Benford's Law: leading digit over-represented vs. expected distribution | Potential duplicate payment: same counterparty, account, and amount within 3 day(s) | Statistical outlier (modified z-score) within 'Savings Deposit' — high extreme relative to peer transactions"
TXN10003,2025-04-23 15:37:00,100000.0,Interest Income,Salary Advance - Interest Income,S. Ngowi,Amani Mwakatobe,True,False,True,True,False,False,3,"Benford's Law: leading digit over-represented vs. expected distribution | Round-number transaction: Highly round (multiple of 100,000) — atypical for organically-occurring amounts, common in estimated/fabricated entries | Statistical outlier (modified z-score) within 'Interest Income' — high extreme relative to peer transactions"
TXN-RND2,2025-06-19 09:02:00,5000000.0,Loan Disbursement,Micro Business Loan - Loan Disbursement,J. Mushi,Faraja Ngonyani,False,False,True,True,False,False,2,"Round-number transaction: Extremely round (multiple of 1,000,000) — atypical for organically-occurring amounts, common in estimated/fabricated entries | Statistical outlier (modified z-score) within 'Loan Disbursement' — high extreme relative to peer transactions"
TXN-RND3,2025-07-22 15:01:00,5000000.0,Loan Disbursement,Micro Business Loan - Loan Disbursement,S. Ngowi,Faraja Kimaro,False,False,True,True,False,False,2,"Round-number transaction: Extremely round (multiple of 1,000,000) — atypical for organically-occurring amounts, common in estimated/fabricated entries | Statistical outlier (modified z-score) within 'Loan Disbursement' — high extreme relative to peer transactions"
TXN10209,2025-03-20 10:11:00,3997200.0,Savings Deposit,Micro Business Loan - Savings Deposit,S. Ngowi,Faraja Kway,True,False,False,True,False,False,2,Benford's Law: leading digit over-represented vs. expected distribution | Statistical outlier (modified z-score) within 'Savings Deposit' — high extreme relative to peer transactions
TXN-RPT2,2025-02-19 08:13:00,2929200.0,Loan Disbursement,Micro Business Loan - Loan Disbursement,F. Kalemela,F. Kalemela,False,False,False,True,False,True,2,Statistical outlier (modified z-score) within 'Loan Disbursement' — high extreme relative to peer transactions | Related party: counterparty matches the SAME officer who posted this transaction (possible self-dealing / control bypass)
TXN-ODD1,2025-07-12 10:00:00,1478800.0,Loan Disbursement,Salary Advance - Loan Disbursement,J. Mushi,Salome Kileo,True,False,False,False,True,False,2,Benford's Law: leading digit over-represented vs. expected distribution | Journal entry timing: posted on a weekend
TXN-ODD3,2025-01-18 11:00:00,1089600.0,Loan Disbursement,Salary Advance - Loan Disbursement,J. Mushi,Neema Mwakatobe,True,False,False,False,True,False,2,Benford's Law: leading digit over-represented vs. expected distribution | Journal entry timing: posted on a weekend
TXN-RND9,2025-01-14 13:38:00,1000000.0,Loan Disbursement,Micro Business Loan - Loan Disbursement,J. Mushi,Irene Mushi,True,False,True,False,False,False,2,"Benford's Law: leading digit over-represented vs. expected distribution | Round-number transaction: Extremely round (multiple of 1,000,000) — atypical for organically-occurring amounts, common in estimated/fabricated entries"
TXN-RND4,2025-05-21 12:28:00,1000000.0,Loan Disbursement,Micro Business Loan - Loan Disbursement,J. Mushi,Hamisi Mboya,True,False,True,False,False,False,2,"Benford's Law: leading digit over-represented vs. expected distribution | Round-number transaction: Extremely round (multiple of 1,000,000) — atypical for organically-occurring amounts, common in estimated/fabricated entries"
TXN10031,2025-08-05 10:17:00,444000.0,Loan Loss Provision,Micro Business Loan - Loan Loss Provision,S. Ngowi,Hamisi Kileo,False,True,False,True,False,False,2,"Potential duplicate payment: same counterparty, account, and amount within 3 day(s) | Statistical outlier (modified z-score) within 'Loan Loss Provision' — high extreme relative to peer transactions"
TXN-DUP5,2025-08-05 16:17:00,444000.0,Loan Loss Provision,Micro Business Loan - Loan Loss Provision,S. Ngowi,Hamisi Kileo,False,True,False,True,False,False,2,"Potential duplicate payment: same counterparty, account, and amount within 3 day(s) | Statistical outlier (modified z-score) within 'Loan Loss Provision' — high extreme relative to peer transactions"
TXN-ODD2,2025-06-23 03:00:00,397400.0,Loan Disbursement,Salary Advance - Loan Disbursement,J. Mushi,Pendo Kway,True,False,False,False,True,False,2,Benford's Law: leading digit over-represented vs. expected distribution | Journal entry timing: posted outside business hours (8:00-18:00)
TXN10282,2025-05-29 08:18:00,392800.0,Savings Deposit,Salary Advance - Savings Deposit,S. Ngowi,Catherine Kimaro,True,False,False,True,False,False,2,Benford's Law: leading digit over-represented vs. expected distribution | Statistical outlier (modified z-score) within 'Savings Deposit' — high extreme relative to peer transactions
TXN-ODD7,2025-10-20 02:00:00,384300.0,Loan Disbursement,Salary Advance - Loan Disbursement,J. Mushi,Elisha Mushi,True,False,False,False,True,False,2,Benford's Law: leading digit over-represented vs. expected distribution | Journal entry timing: posted outside business hours (8:00-18:00)
TXN-FF1,2025-09-08 12:05:00,378000.0,Savings Deposit,Savings Deposit (possible data entry error),R. Temba,Mariam Mwakatobe,True,False,False,True,False,False,2,Benford's Law: leading digit over-represented vs. expected distribution | Statistical outlier (modified z-score) within 'Savings Deposit' — high extreme relative to peer transactions
TXN10266,2025-02-07 14:32:00,372000.0,Loan Loss Provision,Micro Business Loan - Loan Loss Provision,R. Temba,Salome Massawe,True,False,False,True,False,False,2,Benford's Law: leading digit over-represented vs. expected distribution | Statistical outlier (modified z-score) within 'Loan Loss Provision' — high extreme relative to peer transactions
TXN10361,2025-07-23 13:18:00,371900.0,Savings Deposit,Salary Advance - Savings Deposit,F. Kalemela,Pendo Ngonyani,True,False,False,True,False,False,2,Benford's Law: leading digit over-represented vs. expected distribution | Statistical outlier (modified z-score) within 'Savings Deposit' — high extreme relative to peer transactions
TXN10436,2025-08-26 13:37:00,370800.0,Loan Loss Provision,Agri Loan - Loan Loss Provision,R. Temba,Grace Kway,True,False,False,True,False,False,2,Benford's Law: leading digit over-represented vs. expected distribution | Statistical outlier (modified z-score) within 'Loan Loss Provision' — high extreme relative to peer transactions
TXN-RPT1,2025-12-05 17:30:00,344200.0,Loan Disbursement,Micro Business Loan - Loan Disbursement,A. Mwakasege,A. Mwakasege,True,False,False,False,False,True,2,Benford's Law: leading digit over-represented vs. expected distribution | Related party: counterparty matches the SAME officer who posted this transaction (possible self-dealing / control bypass)
TXN-FF2,2025-07-09 14:23:00,329000.0,Interest Income,Interest Income (possible data entry error),S. Ngowi,Baraka Massawe,True,False,False,True,False,False,2,Benford's Law: leading digit over-represented vs. expected distribution | Statistical outlier (modified z-score) within 'Interest Income' — high extreme relative to peer transactions
TXN10378,2025-01-03 11:13:00,176300.0,Interest Income,Agri Loan - Interest Income,J. Mushi,Catherine Ngonyani,True,False,False,True,False,False,2,Benford's Law: leading digit over-represented vs. expected distribution | Statistical outlier (modified z-score) within 'Interest Income' — high extreme relative to peer transactions
TXN10374,2025-01-23 09:01:00,170900.0,Interest Income,Agri Loan - Interest Income,F. Kalemela,Daniel Mboya,True,False,False,True,False,False,2,Benford's Law: leading digit over-represented vs. expected distribution | Statistical outlier (modified z-score) within 'Interest Income' — high extreme relative to peer transactions
TXN10234,2025-02-10 13:42:00,169500.0,Interest Income,Group Loan - Interest Income,R. Temba,Joseph Mrema,True,False,False,True,False,False,2,Benford's Law: leading digit over-represented vs. expected distribution | Statistical outlier (modified z-score) within 'Interest Income' — high extreme relative to peer transactions
TXN10137,2025-10-17 10:10:00,160000.0,Loan Repayment,Agri Loan - Loan Repayment,S. Ngowi,Catherine Ngonyani,True,False,True,False,False,False,2,"Benford's Law: leading digit over-represented vs. expected distribution | Round-number transaction: Moderately round (multiple of 10,000) — atypical for organically-occurring amounts, common in estimated/fabricated entries"
TXN10167,2025-07-15 17:33:00,137400.0,Interest Income,Group Loan - Interest Income,R. Temba,Oscar Sanga,True,False,False,True,False,False,2,Benford's Law: leading digit over-represented vs. expected distribution | Statistical outlier (modified z-score) within 'Interest Income' — high extreme relative to peer transactions
TXN10248,2025-10-22 09:08:00,122900.0,Interest Income,Salary Advance - Interest Income,S. Ngowi,Catherine Mrema,True,False,False,True,False,False,2,Benford's Law: leading digit over-represented vs. expected distribution | Statistical outlier (modified z-score) within 'Interest Income' — high extreme relative to peer transactions
TXN10113,2025-09-10 15:05:00,110300.0,Processing Fee Income,Salary Advance - Processing Fee Income,A. Mwakasege,Baraka Shayo,True,False,False,True,False,False,2,Benford's Law: leading digit over-represented vs. expected distribution | Statistical outlier (modified z-score) within 'Processing Fee Income' — high extreme relative to peer transactions
TXN10062,2025-10-08 08:19:00,10700.0,Interest Income,Salary Advance - Interest Income,R. Temba,Grace Shayo,True,True,False,False,False,False,2,"Benford's Law: leading digit over-represented vs. expected distribution | Potential duplicate payment: same counterparty, account, and amount within 3 day(s)"
TXN-DUP3,2025-10-08 12:19:00,10700.0,Interest Income,Salary Advance - Interest Income,R. Temba,Grace Shayo,True,True,False,False,False,False,2,"Benford's Law: leading digit over-represented vs. expected distribution | Potential duplicate payment: same counterparty, account, and amount within 3 day(s)"
TXN-RND8,2025-06-26 17:32:00,2000000.0,Loan Disbursement,Micro Business Loan - Loan Disbursement,S. Ngowi,Irene Mwakatobe,False,False,True,False,False,False,1,"Round-number transaction: Extremely round (multiple of 1,000,000) — atypical for organically-occurring amounts, common in estimated/fabricated entries"
TXN10425,2025-12-08 10:07:00,1956500.0,Loan Disbursement,Agri Loan - Loan Disbursement,J. Mushi,Elisha Kway,True,False,False,False,False,False,1,Benford's Law: leading digit over-represented vs. expected distribution
TXN10306,2025-08-05 13:44:00,1839700.0,Loan Disbursement,Group Loan - Loan Disbursement,J. Mushi,Salome Mushi,True,False,False,False,False,False,1,Benford's Law: leading digit over-represented vs. expected distribution
TXN10394,2025-04-16 11:51:00,1721300.0,Loan Disbursement,Agri Loan - Loan Disbursement,A. Mwakasege,Lucy Sanga,True,False,False,False,False,False,1,Benford's Law: leading digit over-represented vs. expected distribution
TXN10428,2025-12-31 17:40:00,1585900.0,Loan Disbursement,Salary Advance - Loan Disbursement,R. Temba,Pendo Mrema,True,False,False,False,False,False,1,Benford's Law: leading digit over-represented vs. expected distribution
TXN10067,2025-03-17 08:57:00,1528000.0,Loan Disbursement,Group Loan - Loan Disbursement,F. Kalemela,Neema Lyimo,True,False,False,False,False,False,1,Benford's Law: leading digit over-represented vs. expected distribution
TXN10352,2025-05-19 09:08:00,1384400.0,Loan Disbursement,Group Loan - Loan Disbursement,S. Ngowi,Faraja Shayo,True,False,False,False,False,False,1,Benford's Law: leading digit over-represented vs. expected distribution
TXN10239,2025-07-09 13:28:00,1379500.0,Loan Disbursement,Group Loan - Loan Disbursement,A. Mwakasege,Elisha Sanga,True,False,False,False,False,False,1,Benford's Law: leading digit over-represented vs. expected distribution
TXN10120,2025-11-17 15:48:00,1323300.0,Loan Disbursement,Agri Loan - Loan Disbursement,R. Temba,Grace Massawe,True,False,False,False,False,False,1,Benford's Law: leading digit over-represented vs. expected distribution
TXN10259,2025-06-13 11:29:00,1308700.0,Loan Disbursement,Agri Loan - Loan Disbursement,F. Kalemela,Irene Mrema,True,False,False,False,False,False,1,Benford's Law: leading digit over-represented vs. expected distribution
TXN10002,2025-04-30 16:38:00,1200900.0,Loan Disbursement,Group Loan - Loan Disbursement,R. Temba,Salome Lyimo,True,False,False,False,False,False,1,Benford's Law: leading digit over-represented vs. expected distribution
TXN10405,2025-12-02 13:16:00,1180900.0,Loan Disbursement,Micro Business Loan - Loan Disbursement,F. Kalemela,Lucy Mboya,True,False,False,False,False,False,1,Benford's Law: leading digit over-represented vs. expected distribution
TXN10053,2025-06-06 11:14:00,1172000.0,Loan Disbursement,Salary Advance - Loan Disbursement,A. Mwakasege,Grace Shayo,True,False,False,False,False,False,1,Benford's Law: leading digit over-represented vs. expected distribution
TXN10303,2025-09-19 15:51:00,1171000.0,Loan Disbursement,Group Loan - Loan Disbursement,R. Temba,Oscar Mwakatobe,True,False,False,False,False,False,1,Benford's Law: leading digit over-represented vs. expected distribution
TXN10409,2025-02-06 11:24:00,1097300.0,Loan Disbursement,Salary Advance - Loan Disbursement,A. Mwakasege,Daniel Kileo,True,False,False,False,False,False,1,Benford's Law: leading digit over-represented vs. expected distribution
TXN10391,2025-10-07 11:27:00,1080700.0,Loan Disbursement,Group Loan - Loan Disbursement,J. Mushi,Hamisi Massawe,True,False,False,False,False,False,1,Benford's Law: leading digit over-represented vs. expected distribution
TXN10157,2025-07-23 12:12:00,1067600.0,Loan Disbursement,Micro Business Loan - Loan Disbursement,F. Kalemela,Oscar Kileo,True,False,False,False,False,False,1,Benford's Law: leading digit over-represented vs. expected distribution
TXN10275,2025-10-21 09:12:00,1059100.0,Loan Disbursement,Agri Loan - Loan Disbursement,S. Ngowi,Oscar Kimaro,True,False,False,False,False,False,1,Benford's Law: leading digit over-represented vs. expected distribution
TXN10179,2025-09-29 11:24:00,892600.0,Loan Loss Provision,Salary Advance - Loan Loss Provision,F. Kalemela,Oscar Kimaro,False,False,False,True,False,False,1,Statistical outlier (modified z-score) within 'Loan Loss Provision' — high extreme relative to peer transactions
TXN-ODD0,2025-05-14 23:00:00,742400.0,Loan Disbursement,Salary Advance - Loan Disbursement,J. Mushi,Kulwa Mwakatobe,False,False,False,False,True,False,1,Journal entry timing: posted outside business hours (8:00-18:00)
TXN10125,2025-04-08 17:32:00,729100.0,Savings Deposit,Group Loan - Savings Deposit,A. Mwakasege,Elisha Kileo,False,False,False,True,False,False,1,Statistical outlier (modified z-score) within 'Savings Deposit' — high extreme relative to peer transactions
TXN10156,2025-04-22 15:28:00,728900.0,Loan Repayment,Salary Advance - Loan Repayment,A. Mwakasege,Lucy Kileo,False,False,False,True,False,False,1,Statistical outlier (modified z-score) within 'Loan Repayment' — high extreme relative to peer transactions
TXN-ODD6,2025-05-25 10:00:00,720500.0,Loan Disbursement,Salary Advance - Loan Disbursement,J. Mushi,Baraka Shayo,False,False,False,False,True,False,1,Journal entry timing: posted on a weekend
TXN10323,2025-01-27 12:24:00,659500.0,Savings Deposit,Agri Loan - Savings Deposit,F. Kalemela,Baraka Kileo,False,False,False,True,False,False,1,Statistical outlier (modified z-score) within 'Savings Deposit' — high extreme relative to peer transactions
TXN10220,2025-10-08 17:33:00,644100.0,Loan Loss Provision,Salary Advance - Loan Loss Provision,F. Kalemela,Daniel Massawe,False,False,False,True,False,False,1,Statistical outlier (modified z-score) within 'Loan Loss Provision' — high extreme relative to peer transactions
TXN10420,2025-09-17 12:40:00,638500.0,Savings Deposit,Group Loan - Savings Deposit,S. Ngowi,Rashid Shayo,False,False,False,True,False,False,1,Statistical outlier (modified z-score) within 'Savings Deposit' — high extreme relative to peer transactions
TXN-ODD4,2025-02-01 12:00:00,541000.0,Loan Disbursement,Salary Advance - Loan Disbursement,J. Mushi,Grace Shayo,False,False,False,False,True,False,1,Journal entry timing: posted on a weekend
TXN10106,2025-11-14 08:39:00,534000.0,Savings Deposit,Salary Advance - Savings Deposit,F. Kalemela,Daniel Lyimo,False,False,False,True,False,False,1,Statistical outlier (modified z-score) within 'Savings Deposit' — high extreme relative to peer transactions
TXN-RPT0,2025-01-02 14:05:00,532500.0,Loan Disbursement,Micro Business Loan - Loan Disbursement,A. Mwakasege,A. Mwakasege,False,False,False,False,False,True,1,Related party: counterparty matches the SAME officer who posted this transaction (possible self-dealing / control bypass)
TXN10387,2025-07-29 15:26:00,528600.0,Savings Deposit,Micro Business Loan - Savings Deposit,F. Kalemela,Oscar Mrema,False,False,False,True,False,False,1,Statistical outlier (modified z-score) within 'Savings Deposit' — high extreme relative to peer transactions
TXN10393,2025-10-29 13:55:00,504900.0,Savings Deposit,Agri Loan - Savings Deposit,R. Temba,Neema Mwakatobe,False,False,False,True,False,False,1,Statistical outlier (modified z-score) within 'Savings Deposit' — high extreme relative to peer transactions
TXN-RND5,2025-07-30 16:30:00,500000.0,Loan Disbursement,Micro Business Loan - Loan Disbursement,J. Mushi,Irene Shayo,False,False,True,False,False,False,1,"Round-number transaction: Very round (multiple of 500,000) — atypical for organically-occurring amounts, common in estimated/fabricated entries"
TXN-ODD5,2025-12-23 03:00:00,452800.0,Loan Disbursement,Salary Advance - Loan Disbursement,J. Mushi,Irene Mboya,False,False,False,False,True,False,1,Journal entry timing: posted outside business hours (8:00-18:00)
TXN10126,2025-06-24 16:17:00,396100.0,Loan Disbursement,Group Loan - Loan Disbursement,A. Mwakasege,Joseph Kway,True,False,False,False,False,False,1,Benford's Law: leading digit over-represented vs. expected distribution
TXN10091,2025-06-16 10:31:00,391400.0,Loan Repayment,Salary Advance - Loan Repayment,A. Mwakasege,Lucy Massawe,True,False,False,False,False,False,1,Benford's Law: leading digit over-represented vs. expected distribution
TXN10388,2025-10-17 08:50:00,386500.0,Loan Repayment,Agri Loan - Loan Repayment,A. Mwakasege,Joseph Mushi,True,False,False,False,False,False,1,Benford's Law: leading digit over-represented vs. expected distribution
TXN10376,2025-04-29 14:40:00,366100.0,Loan Repayment,Group Loan - Loan Repayment,S. Ngowi,Faraja Mboya,True,False,False,False,False,False,1,Benford's Law: leading digit over-represented vs. expected distribution
TXN10191,2025-06-23 11:21:00,362100.0,Loan Repayment,Agri Loan - Loan Repayment,J. Mushi,Catherine Sanga,True,False,False,False,False,False,1,Benford's Law: leading digit over-represented vs. expected distribution
TXN10026,2025-10-29 11:00:00,355400.0,Loan Disbursement,Micro Business Loan - Loan Disbursement,J. Mushi,Baraka Lyimo,True,False,False,False,False,False,1,Benford's Law: leading digit over-represented vs. expected distribution
TXN10166,2025-02-11 13:38:00,353600.0,Loan Repayment,Salary Advance - Loan Repayment,A. Mwakasege,Catherine Mwakatobe,True,False,False,False,False,False,1,Benford's Law: leading digit over-represented vs. expected distribution
TXN10138,2025-09-12 17:09:00,351500.0,Loan Repayment,Group Loan - Loan Repayment,A. Mwakasege,Oscar Mboya,True,False,False,False,False,False,1,Benford's Law: leading digit over-represented vs. expected distribution
TXN10161,2025-01-08 13:50:00,345100.0,Loan Repayment,Salary Advance - Loan Repayment,F. Kalemela,Kulwa Mushi,True,False,False,False,False,False,1,Benford's Law: leading digit over-represented vs. expected distribution
TXN10177,2025-01-15 10:17:00,342900.0,Savings Deposit,Micro Business Loan - Savings Deposit,A. Mwakasege,Joseph Kimaro,True,False,False,False,False,False,1,Benford's Law: leading digit over-represented vs. expected distribution
TXN10035,2025-04-08 12:13:00,338900.0,Loan Disbursement,Micro Business Loan - Loan Disbursement,A. Mwakasege,Salome Mushi,True,False,False,False,False,False,1,Benford's Law: leading digit over-represented vs. expected distribution
TXN10434,2025-07-25 09:56:00,335000.0,Loan Loss Provision,Micro Business Loan - Loan Loss Provision,A. Mwakasege,Joseph Massawe,True,False,False,False,False,False,1,Benford's Law: leading digit over-represented vs. expected distribution
TXN10265,2025-07-07 08:25:00,332800.0,Loan Disbursement,Salary Advance - Loan Disbursement,A. Mwakasege,Salome Lyimo,True,False,False,False,False,False,1,Benford's Law: leading digit over-represented vs. expected distribution
TXN10410,2025-06-03 10:24:00,327500.0,Loan Repayment,Micro Business Loan - Loan Repayment,R. Temba,Elisha Kileo,True,False,False,False,False,False,1,Benford's Law: leading digit over-represented vs. expected distribution
TXN10316,2025-05-02 12:56:00,320900.0,Loan Repayment,Salary Advance - Loan Repayment,S. Ngowi,Rashid Lyimo,True,False,False,False,False,False,1,Benford's Law: leading digit over-represented vs. expected distribution
TXN10229,2025-04-14 08:50:00,320300.0,Loan Repayment,Group Loan - Loan Repayment,A. Mwakasege,Baraka Kimaro,True,False,False,False,False,False,1,Benford's Law: leading digit over-represented vs. expected distribution
TXN10392,2025-05-15 13:55:00,316900.0,Loan Disbursement,Agri Loan - Loan Disbursement,F. Kalemela,Oscar Kileo,True,False,False,False,False,False,1,Benford's Law: leading digit over-represented vs. expected distribution
TXN10159,2025-10-28 11:52:00,315300.0,Loan Repayment,Micro Business Loan - Loan Repayment,R. Temba,Kulwa Mwakatobe,True,False,False,False,False,False,1,Benford's Law: leading digit over-represented vs. expected distribution
TXN10124,2025-08-01 15:30:00,300400.0,Loan Repayment,Group Loan - Loan Repayment,F. Kalemela,Oscar Sanga,True,False,False,False,False,False,1,Benford's Law: leading digit over-represented vs. expected distribution
TXN-FF0,2025-05-30 09:30:00,282000.0,Interest Income,Interest Income (possible data entry error),A. Mwakasege,Mariam Mrema,False,False,False,True,False,False,1,Statistical outlier (modified z-score) within 'Interest Income' — high extreme relative to peer transactions
TXN-FF3,2025-08-14 15:16:00,249000.0,Interest Income,Interest Income (possible data entry error),A. Mwakasege,Baraka Mwakatobe,False,False,False,True,False,False,1,Statistical outlier (modified z-score) within 'Interest Income' — high extreme relative to peer transactions
TXN10032,2025-01-08 09:59:00,198100.0,Loan Repayment,Group Loan - Loan Repayment,S. Ngowi,Faraja Shayo,True,False,False,False,False,False,1,Benford's Law: leading digit over-represented vs. expected distribution
TXN10356,2025-06-04 12:31:00,197400.0,Loan Repayment,Salary Advance - Loan Repayment,S. Ngowi,Catherine Mwakatobe,True,False,False,False,False,False,1,Benford's Law: leading digit over-represented vs. expected distribution
TXN10072,2025-06-13 16:05:00,195100.0,Loan Repayment,Agri Loan - Loan Repayment,S. Ngowi,Elisha Lyimo,True,False,False,False,False,False,1,Benford's Law: leading digit over-represented vs. expected distribution
TXN10075,2025-06-30 12:48:00,193800.0,Loan Loss Provision,Agri Loan - Loan Loss Provision,R. Temba,Neema Sanga,True,False,False,False,False,False,1,Benford's Law: leading digit over-represented vs. expected distribution
TXN10261,2025-10-23 13:12:00,191900.0,Loan Repayment,Group Loan - Loan Repayment,S. Ngowi,Pendo Sanga,True,False,False,False,False,False,1,Benford's Law: leading digit over-represented vs. expected distribution
TXN10243,2025-08-20 10:57:00,187900.0,Savings Deposit,Salary Advance - Savings Deposit,A. Mwakasege,Oscar Kileo,True,False,False,False,False,False,1,Benford's Law: leading digit over-represented vs. expected distribution
TXN10042,2025-05-06 13:18:00,184600.0,Loan Repayment,Micro Business Loan - Loan Repayment,A. Mwakasege,Oscar Sanga,True,False,False,False,False,False,1,Benford's Law: leading digit over-represented vs. expected distribution
TXN10382,2025-12-11 10:20:00,183900.0,Loan Disbursement,Agri Loan - Loan Disbursement,J. Mushi,Hamisi Massawe,True,False,False,False,False,False,1,Benford's Law: leading digit over-represented vs. expected distribution
TXN10119,2025-12-03 16:29:00,183100.0,Loan Loss Provision,Salary Advance - Loan Loss Provision,R. Temba,Baraka Lyimo,True,False,False,False,False,False,1,Benford's Law: leading digit over-represented vs. expected distribution
TXN10319,2025-03-18 12:24:00,182700.0,Loan Repayment,Agri Loan - Loan Repayment,F. Kalemela,Salome Mrema,True,False,False,False,False,False,1,Benford's Law: leading digit over-represented vs. expected distribution
TXN10312,2025-05-22 11:59:00,180300.0,Savings Deposit,Micro Business Loan - Savings Deposit,S. Ngowi,Daniel Mushi,True,False,False,False,False,False,1,Benford's Law: leading digit over-represented vs. expected distribution
TXN10034,2025-05-27 14:44:00,179800.0,Savings Deposit,Agri Loan - Savings Deposit,S. Ngowi,Salome Mboya,True,False,False,False,False,False,1,Benford's Law: leading digit over-represented vs. expected distribution
TXN10364,2025-05-30 09:52:00,174300.0,Loan Loss Provision,Agri Loan - Loan Loss Provision,A. Mwakasege,Pendo Mwakatobe,True,False,False,False,False,False,1,Benford's Law: leading digit over-represented vs. expected distribution
TXN10327,2025-09-12 15:06:00,174200.0,Savings Deposit,Salary Advance - Savings Deposit,F. Kalemela,Pendo Kimaro,True,False,False,False,False,False,1,Benford's Law: leading digit over-represented vs. expected distribution
TXN10309,2025-12-01 13:07:00,173800.0,Loan Repayment,Agri Loan - Loan Repayment,R. Temba,Salome Shayo,True,False,False,False,False,False,1,Benford's Law: leading digit over-represented vs. expected distribution
TXN10427,2025-01-16 13:51:00,173700.0,Loan Loss Provision,Salary Advance - Loan Loss Provision,J. Mushi,Irene Sanga,True,False,False,False,False,False,1,Benford's Law: leading digit over-represented vs. expected distribution
TXN10445,2025-08-19 15:20:00,171400.0,Loan Loss Provision,Agri Loan - Loan Loss Provision,A. Mwakasege,Daniel Sanga,True,False,False,False,False,False,1,Benford's Law: leading digit over-represented vs. expected distribution
TXN10422,2025-02-10 16:58:00,168300.0,Loan Repayment,Group Loan - Loan Repayment,A. Mwakasege,Elisha Sanga,True,False,False,False,False,False,1,Benford's Law: leading digit over-represented vs. expected distribution
TXN10424,2025-05-06 09:59:00,168100.0,Loan Loss Provision,Micro Business Loan - Loan Loss Provision,R. Temba,Daniel Mrema,True,False,False,False,False,False,1,Benford's Law: leading digit over-represented vs. expected distribution
TXN10235,2025-03-27 15:22:00,166600.0,Loan Loss Provision,Group Loan - Loan Loss Provision,A. Mwakasege,Baraka Kway,True,False,False,False,False,False,1,Benford's Law: leading digit over-represented vs. expected distribution
TXN10077,2025-03-26 15:58:00,162600.0,Loan Repayment,Micro Business Loan - Loan Repayment,S. Ngowi,Salome Mushi,True,False,False,False,False,False,1,Benford's Law: leading digit over-represented vs. expected distribution
TXN10321,2025-10-13 16:08:00,161400.0,Loan Loss Provision,Salary Advance - Loan Loss Provision,F. Kalemela,Hamisi Massawe,True,False,False,False,False,False,1,Benford's Law: leading digit over-represented vs. expected distribution
TXN10093,2025-07-28 15:35:00,159400.0,Loan Repayment,Group Loan - Loan Repayment,S. Ngowi,Pendo Mboya,True,False,False,False,False,False,1,Benford's Law: leading digit over-represented vs. expected distribution
TXN10245,2025-09-18 11:07:00,158600.0,Loan Repayment,Micro Business Loan - Loan Repayment,S. Ngowi,Elisha Lyimo,True,False,False,False,False,False,1,Benford's Law: leading digit over-represented vs. expected distribution
TXN10308,2025-07-15 15:55:00,155300.0,Loan Loss Provision,Agri Loan - Loan Loss Provision,R. Temba,Mariam Kileo,True,False,False,False,False,False,1,Benford's Law: leading digit over-represented vs. expected distribution
TXN10094,2025-01-09 09:18:00,152400.0,Loan Repayment,Salary Advance - Loan Repayment,F. Kalemela,Mariam Kway,True,False,False,False,False,False,1,Benford's Law: leading digit over-represented vs. expected distribution
TXN10207,2025-04-03 11:21:00,151200.0,Loan Loss Provision,Agri Loan - Loan Loss Provision,F. Kalemela,Grace Lyimo,True,False,False,False,False,False,1,Benford's Law: leading digit over-represented vs. expected distribution
TXN10242,2025-11-10 12:44:00,150100.0,Loan Loss Provision,Micro Business Loan - Loan Loss Provision,F. Kalemela,Grace Kileo,True,False,False,False,False,False,1,Benford's Law: leading digit over-represented vs. expected distribution
TXN10371,2025-09-05 09:18:00,149300.0,Loan Loss Provision,Salary Advance - Loan Loss Provision,F. Kalemela,Catherine Kileo,True,False,False,False,False,False,1,Benford's Law: leading digit over-represented vs. expected distribution
TXN10344,2025-04-02 13:01:00,144300.0,Loan Repayment,Micro Business Loan - Loan Repayment,S. Ngowi,Elisha Kway,True,False,False,False,False,False,1,Benford's Law: leading digit over-represented vs. expected distribution
TXN10287,2025-05-28 13:18:00,141500.0,Savings Deposit,Agri Loan - Savings Deposit,R. Temba,Baraka Kileo,True,False,False,False,False,False,1,Benford's Law: leading digit over-represented vs. expected distribution
TXN10210,2025-07-30 13:43:00,138900.0,Savings Deposit,Salary Advance - Savings Deposit,R. Temba,Hamisi Mrema,True,False,False,False,False,False,1,Benford's Law: leading digit over-represented vs. expected distribution
TXN10088,2025-12-29 10:27:00,138500.0,Loan Repayment,Group Loan - Loan Repayment,A. Mwakasege,Rashid Mboya,True,False,False,False,False,False,1,Benford's Law: leading digit over-represented vs. expected distribution
TXN10105,2025-09-25 14:28:00,138400.0,Loan Loss Provision,Salary Advance - Loan Loss Provision,S. Ngowi,Joseph Ngonyani,True,False,False,False,False,False,1,Benford's Law: leading digit over-represented vs. expected distribution
TXN10195,2025-08-14 09:30:00,136400.0,Loan Loss Provision,Micro Business Loan - Loan Loss Provision,R. Temba,Joseph Massawe,True,False,False,False,False,False,1,Benford's Law: leading digit over-represented vs. expected distribution
TXN10015,2025-02-26 10:40:00,135400.0,Loan Repayment,Group Loan - Loan Repayment,J. Mushi,Neema Ngonyani,True,False,False,False,False,False,1,Benford's Law: leading digit over-represented vs. expected distribution
TXN10009,2025-12-10 12:44:00,135000.0,Savings Deposit,Agri Loan - Savings Deposit,F. Kalemela,Catherine Ngonyani,True,False,False,False,False,False,1,Benford's Law: leading digit over-represented vs. expected distribution
TXN10292,2025-11-28 12:45:00,132900.0,Loan Repayment,Salary Advance - Loan Repayment,A. Mwakasege,Amani Kway,True,False,False,False,False,False,1,Benford's Law: leading digit over-represented vs. expected distribution
TXN10307,2025-01-17 12:26:00,132700.0,Loan Repayment,Salary Advance - Loan Repayment,S. Ngowi,Elisha Mboya,True,False,False,False,False,False,1,Benford's Law: leading digit over-represented vs. expected distribution
TXN10028,2025-10-20 17:30:00,131900.0,Loan Repayment,Micro Business Loan - Loan Repayment,F. Kalemela,Pendo Shayo,True,False,False,False,False,False,1,Benford's Law: leading digit over-represented vs. expected distribution
TXN10360,2025-06-03 13:38:00,131800.0,Savings Deposit,Agri Loan - Savings Deposit,A. Mwakasege,Grace Mrema,True,False,False,False,False,False,1,Benford's Law: leading digit over-represented vs. expected distribution
TXN10030,2025-06-23 09:15:00,131800.0,Loan Repayment,Agri Loan - Loan Repayment,S. Ngowi,Grace Sanga,True,False,False,False,False,False,1,Benford's Law: leading digit over-represented vs. expected distribution
TXN10206,2025-12-10 16:05:00,131200.0,Savings Deposit,Micro Business Loan - Savings Deposit,A. Mwakasege,Neema Sanga,True,False,False,False,False,False,1,Benford's Law: leading digit over-represented vs. expected distribution
TXN10089,2025-08-27 14:52:00,131000.0,Savings Deposit,Micro Business Loan - Savings Deposit,F. Kalemela,Irene Kimaro,True,False,False,False,False,False,1,Benford's Law: leading digit over-represented vs. expected distribution
TXN10087,2025-09-17 13:00:00,130300.0,Loan Loss Provision,Salary Advance - Loan Loss Provision,S. Ngowi,Pendo Kileo,True,False,False,False,False,False,1,Benford's Law: leading digit over-represented vs. expected distribution
TXN10050,2025-07-01 16:56:00,129800.0,Loan Loss Provision,Agri Loan - Loan Loss Provision,F. Kalemela,Elisha Lyimo,True,False,False,False,False,False,1,Benford's Law: leading digit over-represented vs. expected distribution
TXN10000,2025-11-24 09:01:00,128800.0,Savings Deposit,Agri Loan - Savings Deposit,F. Kalemela,Irene Lyimo,True,False,False,False,False,False,1,Benford's Law: leading digit over-represented vs. expected distribution
TXN10183,2025-02-26 12:43:00,126900.0,Savings Deposit,Micro Business Loan - Savings Deposit,A. Mwakasege,Pendo Sanga,True,False,False,False,False,False,1,Benford's Law: leading digit over-represented vs. expected distribution
TXN10133,2025-02-11 13:54:00,125800.0,Savings Deposit,Group Loan - Savings Deposit,A. Mwakasege,Salome Shayo,True,False,False,False,False,False,1,Benford's Law: leading digit over-represented vs. expected distribution
TXN10228,2025-11-20 10:51:00,121800.0,Loan Repayment,Micro Business Loan - Loan Repayment,S. Ngowi,Catherine Kway,True,False,False,False,False,False,1,Benford's Law: leading digit over-represented vs. expected distribution
TXN10012,2025-06-11 11:41:00,121500.0,Loan Loss Provision,Agri Loan - Loan Loss Provision,S. Ngowi,Mariam Mboya,True,False,False,False,False,False,1,Benford's Law: leading digit over-represented vs. expected distribution
TXN10165,2025-09-03 14:27:00,118200.0,Savings Deposit,Micro Business Loan - Savings Deposit,S. Ngowi,Daniel Mrema,True,False,False,False,False,False,1,Benford's Law: leading digit over-represented vs. expected distribution
TXN10375,2025-09-22 10:35:00,117500.0,Loan Repayment,Group Loan - Loan Repayment,S. Ngowi,Kulwa Sanga,True,False,False,False,False,False,1,Benford's Law: leading digit over-represented vs. expected distribution
TXN10369,2025-01-06 09:16:00,117000.0,Loan Repayment,Agri Loan - Loan Repayment,R. Temba,Rashid Kway,True,False,False,False,False,False,1,Benford's Law: leading digit over-represented vs. expected distribution
TXN10363,2025-12-16 16:01:00,116900.0,Savings Deposit,Group Loan - Savings Deposit,F. Kalemela,Oscar Kway,True,False,False,False,False,False,1,Benford's Law: leading digit over-represented vs. expected distribution
TXN10300,2025-10-03 11:48:00,112600.0,Loan Repayment,Salary Advance - Loan Repayment,S. Ngowi,Catherine Sanga,True,False,False,False,False,False,1,Benford's Law: leading digit over-represented vs. expected distribution
TXN10269,2025-06-20 15:33:00,111100.0,Loan Loss Provision,Agri Loan - Loan Loss Provision,R. Temba,Elisha Ngonyani,True,False,False,False,False,False,1,Benford's Law: leading digit over-represented vs. expected distribution
TXN10173,2025-07-01 14:55:00,109800.0,Savings Deposit,Salary Advance - Savings Deposit,R. Temba,Baraka Massawe,True,False,False,False,False,False,1,Benford's Law: leading digit over-represented vs. expected distribution
TXN10058,2025-09-24 16:43:00,108700.0,Savings Deposit,Micro Business Loan - Savings Deposit,S. Ngowi,Grace Kimaro,True,False,False,False,False,False,1,Benford's Law: leading digit over-represented vs. expected distribution
TXN10090,2025-05-23 15:15:00,108100.0,Loan Loss Provision,Group Loan - Loan Loss Provision,J. Mushi,Mariam Kimaro,True,False,False,False,False,False,1,Benford's Law: leading digit over-represented vs. expected distribution
TXN10320,2025-06-03 10:51:00,108100.0,Loan Loss Provision,Group Loan - Loan Loss Provision,S. Ngowi,Baraka Sanga,True,False,False,False,False,False,1,Benford's Law: leading digit over-represented vs. expected distribution
TXN10078,2025-02-12 14:08:00,107700.0,Loan Loss Provision,Group Loan - Loan Loss Provision,A. Mwakasege,Faraja Mushi,True,False,False,False,False,False,1,Benford's Law: leading digit over-represented vs. expected distribution
TXN10076,2025-04-23 12:27:00,107300.0,Loan Loss Provision,Group Loan - Loan Loss Provision,A. Mwakasege,Amani Shayo,True,False,False,False,False,False,1,Benford's Law: leading digit over-represented vs. expected distribution
TXN10131,2025-08-14 09:33:00,105700.0,Loan Loss Provision,Group Loan - Loan Loss Provision,F. Kalemela,Amani Kway,True,False,False,False,False,False,1,Benford's Law: leading digit over-represented vs. expected distribution
TXN10022,2025-02-10 09:46:00,105600.0,Loan Loss Provision,Agri Loan - Loan Loss Provision,F. Kalemela,Catherine Sanga,True,False,False,False,False,False,1,Benford's Law: leading digit over-represented vs. expected distribution
TXN10115,2025-03-31 15:33:00,105500.0,Savings Deposit,Group Loan - Savings Deposit,F. Kalemela,Oscar Massawe,True,False,False,False,False,False,1,Benford's Law: leading digit over-represented vs. expected distribution
TXN10112,2025-05-28 15:07:00,105000.0,Loan Loss Provision,Salary Advance - Loan Loss Provision,S. Ngowi,Joseph Kway,True,False,False,False,False,False,1,Benford's Law: leading digit over-represented vs. expected distribution
TXN10154,2025-08-21 13:42:00,104600.0,Savings Deposit,Agri Loan - Savings Deposit,R. Temba,Salome Shayo,True,False,False,False,False,False,1,Benford's Law: leading digit over-represented vs. expected distribution
TXN10447,2025-12-23 17:02:00,104300.0,Loan Repayment,Agri Loan - Loan Repayment,J. Mushi,Kulwa Mwakatobe,True,False,False,False,False,False,1,Benford's Law: leading digit over-represented vs. expected distribution
TXN10232,2025-07-17 13:11:00,103700.0,Loan Loss Provision,Salary Advance - Loan Loss Provision,R. Temba,Pendo Kimaro,True,False,False,False,False,False,1,Benford's Law: leading digit over-represented vs. expected distribution
TXN10108,2025-01-02 14:28:00,100800.0,Savings Deposit,Agri Loan - Savings Deposit,J. Mushi,Pendo Massawe,True,False,False,False,False,False,1,Benford's Law: leading digit over-represented vs. expected distribution
TXN10150,2025-10-27 14:52:00,100100.0,Savings Deposit,Group Loan - Savings Deposit,F. Kalemela,Lucy Kileo,True,False,False,False,False,False,1,Benford's Law: leading digit over-represented vs. expected distribution
TXN10284,2025-02-25 17:47:00,87700.0,Processing Fee Income,Agri Loan - Processing Fee Income,J. Mushi,Hamisi Lyimo,False,False,False,True,False,False,1,Statistical outlier (modified z-score) within 'Processing Fee Income' — high extreme relative to peer transactions
TXN10252,2025-03-06 12:39:00,87100.0,Processing Fee Income,Agri Loan - Processing Fee Income,F. Kalemela,Catherine Sanga,False,False,False,True,False,False,1,Statistical outlier (modified z-score) within 'Processing Fee Income' — high extreme relative to peer transactions
TXN10069,2025-08-15 17:52:00,40000.0,Savings Deposit,Group Loan - Savings Deposit,R. Temba,Rashid Shayo,False,False,True,False,False,False,1,"Round-number transaction: Moderately round (multiple of 10,000) — atypical for organically-occurring amounts, common in estimated/fabricated entries"
TXN10258,2025-06-10 13:46:00,39900.0,Interest Income,Micro Business Loan - Interest Income,A. Mwakasege,Mariam Mwakatobe,True,False,False,False,False,False,1,Benford's Law: leading digit over-represented vs. expected distribution
TXN10247,2025-02-03 12:25:00,39700.0,Savings Deposit,Group Loan - Savings Deposit,S. Ngowi,Pendo Sanga,True,False,False,False,False,False,1,Benford's Law: leading digit over-represented vs. expected distribution
TXN10086,2025-10-17 08:22:00,37700.0,Processing Fee Income,Micro Business Loan - Processing Fee Income,A. Mwakasege,Neema Mboya,True,False,False,False,False,False,1,Benford's Law: leading digit over-represented vs. expected distribution
TXN10446,2025-08-20 12:29:00,37400.0,Interest Income,Salary Advance - Interest Income,F. Kalemela,Daniel Kileo,True,False,False,False,False,False,1,Benford's Law: leading digit over-represented vs. expected distribution
TXN10296,2025-06-04 17:46:00,37300.0,Processing Fee Income,Agri Loan - Processing Fee Income,A. Mwakasege,Amani Massawe,True,False,False,False,False,False,1,Benford's Law: leading digit over-represented vs. expected distribution
TXN10139,2025-12-08 08:57:00,37100.0,Loan Loss Provision,Agri Loan - Loan Loss Provision,R. Temba,Joseph Mboya,True,False,False,False,False,False,1,Benford's Law: leading digit over-represented vs. expected distribution
TXN10048,2025-03-18 16:02:00,36700.0,Interest Income,Agri Loan - Interest Income,S. Ngowi,Salome Mwakatobe,True,False,False,False,False,False,1,Benford's Law: leading digit over-represented vs. expected distribution
TXN10293,2025-12-12 11:11:00,36000.0,Processing Fee Income,Salary Advance - Processing Fee Income,R. Temba,Mariam Shayo,True,False,False,False,False,False,1,Benford's Law: leading digit over-represented vs. expected distribution
TXN10017,2025-12-16 16:48:00,35800.0,Interest Income,Group Loan - Interest Income,A. Mwakasege,Kulwa Kileo,True,False,False,False,False,False,1,Benford's Law: leading digit over-represented vs. expected distribution
TXN10384,2025-08-05 10:31:00,35600.0,Savings Deposit,Agri Loan - Savings Deposit,F. Kalemela,Salome Kway,True,False,False,False,False,False,1,Benford's Law: leading digit over-represented vs. expected distribution
TXN10297,2025-12-08 09:29:00,35600.0,Interest Income,Salary Advance - Interest Income,R. Temba,Faraja Shayo,True,False,False,False,False,False,1,Benford's Law: leading digit over-represented vs. expected distribution
TXN10175,2025-02-25 13:54:00,35500.0,Processing Fee Income,Agri Loan - Processing Fee Income,A. Mwakasege,Lucy Kileo,True,False,False,False,False,False,1,Benford's Law: leading digit over-represented vs. expected distribution
TXN10096,2025-06-30 15:17:00,35200.0,Interest Income,Agri Loan - Interest Income,J. Mushi,Irene Lyimo,True,False,False,False,False,False,1,Benford's Law: leading digit over-represented vs. expected distribution
TXN10313,2025-04-16 09:06:00,35100.0,Processing Fee Income,Micro Business Loan - Processing Fee Income,R. Temba,Baraka Mrema,True,False,False,False,False,False,1,Benford's Law: leading digit over-represented vs. expected distribution
TXN10298,2025-11-24 12:23:00,35100.0,Processing Fee Income,Group Loan - Processing Fee Income,F. Kalemela,Hamisi Lyimo,True,False,False,False,False,False,1,Benford's Law: leading digit over-represented vs. expected distribution
TXN10064,2025-12-04 09:18:00,35100.0,Processing Fee Income,Salary Advance - Processing Fee Income,F. Kalemela,Kulwa Kileo,True,False,False,False,False,False,1,Benford's Law: leading digit over-represented vs. expected distribution
TXN10147,2025-03-26 12:58:00,34600.0,Loan Loss Provision,Micro Business Loan - Loan Loss Provision,A. Mwakasege,Joseph Kway,True,False,False,False,False,False,1,Benford's Law: leading digit over-represented vs. expected distribution
TXN10144,2025-04-23 11:39:00,34200.0,Interest Income,Micro Business Loan - Interest Income,J. Mushi,Elisha Mboya,True,False,False,False,False,False,1,Benford's Law: leading digit over-represented vs. expected distribution
TXN10103,2025-02-07 17:40:00,34100.0,Savings Deposit,Salary Advance - Savings Deposit,F. Kalemela,Baraka Mwakatobe,True,False,False,False,False,False,1,Benford's Law: leading digit over-represented vs. expected distribution
TXN10215,2025-03-24 12:28:00,33800.0,Processing Fee Income,Agri Loan - Processing Fee Income,J. Mushi,Elisha Shayo,True,False,False,False,False,False,1,Benford's Law: leading digit over-represented vs. expected distribution
TXN10302,2025-03-26 13:54:00,33600.0,Processing Fee Income,Group Loan - Processing Fee Income,F. Kalemela,Oscar Kileo,True,False,False,False,False,False,1,Benford's Law: leading digit over-represented vs. expected distribution
TXN10340,2025-06-03 09:41:00,33400.0,Savings Deposit,Group Loan - Savings Deposit,S. Ngowi,Baraka Kileo,True,False,False,False,False,False,1,Benford's Law: leading digit over-represented vs. expected distribution
TXN10437,2025-03-19 08:59:00,32900.0,Loan Loss Provision,Salary Advance - Loan Loss Provision,R. Temba,Amani Lyimo,True,False,False,False,False,False,1,Benford's Law: leading digit over-represented vs. expected distribution
TXN10433,2025-10-20 13:07:00,32900.0,Processing Fee Income,Micro Business Loan - Processing Fee Income,F. Kalemela,Baraka Mwakatobe,True,False,False,False,False,False,1,Benford's Law: leading digit over-represented vs. expected distribution
TXN10222,2025-10-02 08:40:00,32200.0,Processing Fee Income,Salary Advance - Processing Fee Income,F. Kalemela,Hamisi Kway,True,False,False,False,False,False,1,Benford's Law: leading digit over-represented vs. expected distribution
TXN10281,2025-03-04 17:43:00,31600.0,Processing Fee Income,Agri Loan - Processing Fee Income,A. Mwakasege,Mariam Shayo,True,False,False,False,False,False,1,Benford's Law: leading digit over-represented vs. expected distribution
TXN10271,2025-09-17 16:34:00,31500.0,Loan Loss Provision,Salary Advance - Loan Loss Provision,J. Mushi,Joseph Mrema,True,False,False,False,False,False,1,Benford's Law: leading digit over-represented vs. expected distribution
TXN10213,2025-03-24 11:51:00,31400.0,Processing Fee Income,Group Loan - Processing Fee Income,J. Mushi,Elisha Massawe,True,False,False,False,False,False,1,Benford's Law: leading digit over-represented vs. expected distribution
TXN10170,2025-06-10 14:20:00,31200.0,Savings Deposit,Group Loan - Savings Deposit,F. Kalemela,Irene Kimaro,True,False,False,False,False,False,1,Benford's Law: leading digit over-represented vs. expected distribution
TXN10299,2025-03-20 15:47:00,30900.0,Processing Fee Income,Group Loan - Processing Fee Income,R. Temba,Lucy Shayo,True,False,False,False,False,False,1,Benford's Law: leading digit over-represented vs. expected distribution
TXN10331,2025-05-12 15:46:00,30900.0,Savings Deposit,Salary Advance - Savings Deposit,F. Kalemela,Pendo Mrema,True,False,False,False,False,False,1,Benford's Law: leading digit over-represented vs. expected distribution
TXN10329,2025-05-14 16:59:00,30900.0,Processing Fee Income,Agri Loan - Processing Fee Income,F. Kalemela,Neema Massawe,True,False,False,False,False,False,1,Benford's Law: leading digit over-represented vs. expected distribution
TXN10180,2025-06-09 13:49:00,30900.0,Processing Fee Income,Agri Loan - Processing Fee Income,F. Kalemela,Catherine Mushi,True,False,False,False,False,False,1,Benford's Law: leading digit over-represented vs. expected distribution
TXN10328,2025-06-10 14:02:00,30800.0,Processing Fee Income,Micro Business Loan - Processing Fee Income,F. Kalemela,Hamisi Kway,True,False,False,False,False,False,1,Benford's Law: leading digit over-represented vs. expected distribution
TXN10018,2025-08-21 08:46:00,30600.0,Savings Deposit,Micro Business Loan - Savings Deposit,F. Kalemela,Irene Sanga,True,False,False,False,False,False,1,Benford's Law: leading digit over-represented vs. expected distribution
TXN10121,2025-05-28 15:56:00,30500.0,Savings Deposit,Agri Loan - Savings Deposit,J. Mushi,Pendo Kileo,True,False,False,False,False,False,1,Benford's Law: leading digit over-represented vs. expected distribution
TXN10280,2025-09-08 13:30:00,30200.0,Interest Income,Salary Advance - Interest Income,A. Mwakasege,Salome Kway,True,False,False,False,False,False,1,Benford's Law: leading digit over-represented vs. expected distribution
TXN10134,2025-11-13 09:15:00,30200.0,Savings Deposit,Group Loan - Savings Deposit,J. Mushi,Joseph Lyimo,True,False,False,False,False,False,1,Benford's Law: leading digit over-represented vs. expected distribution
TXN10406,2025-07-22 12:46:00,26000.0,Savings Deposit,Micro Business Loan - Savings Deposit,J. Mushi,Hamisi Shayo,False,True,False,False,False,False,1,"Potential duplicate payment: same counterparty, account, and amount within 3 day(s)"
TXN-DUP1,2025-07-22 14:46:00,26000.0,Savings Deposit,Micro Business Loan - Savings Deposit,J. Mushi,Hamisi Shayo,False,True,False,False,False,False,1,"Potential duplicate payment: same counterparty, account, and amount within 3 day(s)"
TXN10411,2025-03-26 15:22:00,24500.0,Savings Deposit,Group Loan - Savings Deposit,F. Kalemela,Grace Mboya,False,True,False,False,False,False,1,"Potential duplicate payment: same counterparty, account, and amount within 3 day(s)"
TXN-DUP0,2025-03-26 17:22:00,24500.0,Savings Deposit,Group Loan - Savings Deposit,F. Kalemela,Grace Mboya,False,True,False,False,False,False,1,"Potential duplicate payment: same counterparty, account, and amount within 3 day(s)"
TXN10330,2025-06-18 11:24:00,19800.0,Processing Fee Income,Salary Advance - Processing Fee Income,R. Temba,Hamisi Mrema,True,False,False,False,False,False,1,Benford's Law: leading digit over-represented vs. expected distribution
TXN10279,2025-05-07 12:35:00,19700.0,Interest Income,Agri Loan - Interest Income,A. Mwakasege,Hamisi Massawe,True,False,False,False,False,False,1,Benford's Law: leading digit over-represented vs. expected distribution
TXN10304,2025-08-22 17:03:00,19700.0,Processing Fee Income,Micro Business Loan - Processing Fee Income,A. Mwakasege,Oscar Mboya,True,False,False,False,False,False,1,Benford's Law: leading digit over-represented vs. expected distribution
TXN10441,2025-02-13 17:06:00,19600.0,Processing Fee Income,Micro Business Loan - Processing Fee Income,S. Ngowi,Elisha Mboya,True,False,False,False,False,False,1,Benford's Law: leading digit over-represented vs. expected distribution
TXN10172,2025-01-31 17:35:00,19000.0,Processing Fee Income,Group Loan - Processing Fee Income,J. Mushi,Kulwa Mboya,True,False,False,False,False,False,1,Benford's Law: leading digit over-represented vs. expected distribution
TXN10204,2025-06-20 09:37:00,18900.0,Savings Deposit,Group Loan - Savings Deposit,A. Mwakasege,Elisha Kimaro,True,False,False,False,False,False,1,Benford's Law: leading digit over-represented vs. expected distribution
TXN10442,2025-10-31 17:03:00,18900.0,Loan Loss Provision,Salary Advance - Loan Loss Provision,A. Mwakasege,Elisha Lyimo,True,False,False,False,False,False,1,Benford's Law: leading digit over-represented vs. expected distribution
TXN10010,2025-03-25 15:24:00,18500.0,Interest Income,Micro Business Loan - Interest Income,A. Mwakasege,Salome Lyimo,True,False,False,False,False,False,1,Benford's Law: leading digit over-represented vs. expected distribution
TXN10046,2025-05-22 08:00:00,18500.0,Interest Income,Agri Loan - Interest Income,A. Mwakasege,Elisha Mboya,True,False,False,False,False,False,1,Benford's Law: leading digit over-represented vs. expected distribution
TXN10362,2025-07-21 13:07:00,18500.0,Processing Fee Income,Agri Loan - Processing Fee Income,R. Temba,Grace Ngonyani,True,False,False,False,False,False,1,Benford's Law: leading digit over-represented vs. expected distribution
TXN10241,2025-09-23 14:58:00,18500.0,Processing Fee Income,Group Loan - Processing Fee Income,A. Mwakasege,Daniel Massawe,True,False,False,False,False,False,1,Benford's Law: leading digit over-represented vs. expected distribution
TXN10123,2025-02-28 15:07:00,18400.0,Savings Deposit,Salary Advance - Savings Deposit,A. Mwakasege,Elisha Mrema,True,False,False,False,False,False,1,Benford's Law: leading digit over-represented vs. expected distribution
TXN10011,2025-04-28 08:51:00,18400.0,Interest Income,Agri Loan - Interest Income,J. Mushi,Mariam Massawe,True,False,False,False,False,False,1,Benford's Law: leading digit over-represented vs. expected distribution
TXN10008,2025-05-23 15:40:00,18400.0,Interest Income,Agri Loan - Interest Income,A. Mwakasege,Faraja Kimaro,True,False,False,False,False,False,1,Benford's Law: leading digit over-represented vs. expected distribution
TXN10395,2025-05-30 12:36:00,18400.0,Interest Income,Agri Loan - Interest Income,J. Mushi,Rashid Mboya,True,False,False,False,False,False,1,Benford's Law: leading digit over-represented vs. expected distribution
TXN10246,2025-07-04 16:36:00,18300.0,Interest Income,Micro Business Loan - Interest Income,F. Kalemela,Oscar Sanga,True,False,False,False,False,False,1,Benford's Law: leading digit over-represented vs. expected distribution
TXN10224,2025-12-09 09:33:00,18300.0,Interest Income,Micro Business Loan - Interest Income,R. Temba,Catherine Sanga,True,False,False,False,False,False,1,Benford's Law: leading digit over-represented vs. expected distribution
TXN10100,2025-01-28 16:18:00,18200.0,Savings Deposit,Micro Business Loan - Savings Deposit,S. Ngowi,Elisha Mboya,True,False,False,False,False,False,1,Benford's Law: leading digit over-represented vs. expected distribution
TXN10019,2025-11-17 12:53:00,18200.0,Savings Deposit,Agri Loan - Savings Deposit,F. Kalemela,Rashid Ngonyani,True,False,False,False,False,False,1,Benford's Law: leading digit over-represented vs. expected distribution
TXN10291,2025-03-10 16:29:00,18000.0,Interest Income,Agri Loan - Interest Income,A. Mwakasege,Grace Kileo,True,False,False,False,False,False,1,Benford's Law: leading digit over-represented vs. expected distribution
TXN10286,2025-12-15 10:00:00,18000.0,Processing Fee Income,Group Loan - Processing Fee Income,S. Ngowi,Faraja Shayo,True,False,False,False,False,False,1,Benford's Law: leading digit over-represented vs. expected distribution
TXN10353,2025-01-14 09:22:00,17900.0,Processing Fee Income,Salary Advance - Processing Fee Income,R. Temba,Catherine Ngonyani,True,False,False,False,False,False,1,Benford's Law: leading digit over-represented vs. expected distribution
TXN10104,2025-02-13 11:07:00,17900.0,Processing Fee Income,Agri Loan - Processing Fee Income,R. Temba,Neema Ngonyani,True,False,False,False,False,False,1,Benford's Law: leading digit over-represented vs. expected distribution
TXN10346,2025-07-16 10:50:00,17600.0,Savings Deposit,Micro Business Loan - Savings Deposit,A. Mwakasege,Catherine Sanga,True,False,False,False,False,False,1,Benford's Law: leading digit over-represented vs. expected distribution
TXN10401,2025-09-11 12:20:00,16500.0,Interest Income,Agri Loan - Interest Income,R. Temba,Kulwa Sanga,True,False,False,False,False,False,1,Benford's Law: leading digit over-represented vs. expected distribution
TXN10277,2025-09-23 11:35:00,16400.0,Interest Income,Salary Advance - Interest Income,S. Ngowi,Pendo Sanga,True,False,False,False,False,False,1,Benford's Law: leading digit over-represented vs. expected distribution
TXN10317,2025-05-21 08:35:00,16100.0,Processing Fee Income,Group Loan - Processing Fee Income,S. Ngowi,Faraja Mboya,True,False,False,False,False,False,1,Benford's Law: leading digit over-represented vs. expected distribution
TXN10348,2025-06-17 08:40:00,14900.0,Interest Income,Salary Advance - Interest Income,F. Kalemela,Oscar Mrema,True,False,False,False,False,False,1,Benford's Law: leading digit over-represented vs. expected distribution
TXN10268,2025-11-05 16:25:00,14700.0,Processing Fee Income,Agri Loan - Processing Fee Income,J. Mushi,Baraka Mushi,True,False,False,False,False,False,1,Benford's Law: leading digit over-represented vs. expected distribution
TXN10169,2025-08-20 11:26:00,14400.0,Interest Income,Micro Business Loan - Interest Income,S. Ngowi,Oscar Shayo,True,False,False,False,False,False,1,Benford's Law: leading digit over-represented vs. expected distribution
TXN10136,2025-01-29 12:22:00,14100.0,Interest Income,Group Loan - Interest Income,F. Kalemela,Neema Mwakatobe,True,False,False,False,False,False,1,Benford's Law: leading digit over-represented vs. expected distribution
TXN10084,2025-10-24 08:59:00,13800.0,Interest Income,Micro Business Loan - Interest Income,F. Kalemela,Mariam Shayo,True,False,False,False,False,False,1,Benford's Law: leading digit over-represented vs. expected distribution
TXN10359,2025-06-20 17:24:00,13600.0,Interest Income,Agri Loan - Interest Income,S. Ngowi,Oscar Kimaro,True,False,False,False,False,False,1,Benford's Law: leading digit over-represented vs. expected distribution
TXN10301,2025-10-16 09:03:00,13600.0,Processing Fee Income,Agri Loan - Processing Fee Income,R. Temba,Rashid Lyimo,True,False,False,False,False,False,1,Benford's Law: leading digit over-represented vs. expected distribution
TXN10056,2025-02-25 17:27:00,13400.0,Interest Income,Micro Business Loan - Interest Income,R. Temba,Kulwa Shayo,True,False,False,False,False,False,1,Benford's Law: leading digit over-represented vs. expected distribution
TXN10396,2025-07-30 08:17:00,13400.0,Savings Deposit,Agri Loan - Savings Deposit,F. Kalemela,Elisha Kway,True,False,False,False,False,False,1,Benford's Law: leading digit over-represented vs. expected distribution
TXN10196,2025-06-30 16:04:00,12900.0,Interest Income,Micro Business Loan - Interest Income,J. Mushi,Oscar Mrema,True,False,False,False,False,False,1,Benford's Law: leading digit over-represented vs. expected distribution
TXN10415,2025-04-16 16:38:00,11900.0,Processing Fee Income,Salary Advance - Processing Fee Income,S. Ngowi,Grace Kway,True,False,False,False,False,False,1,Benford's Law: leading digit over-represented vs. expected distribution
TXN10324,2025-09-03 11:55:00,11600.0,Interest Income,Agri Loan - Interest Income,F. Kalemela,Joseph Mushi,True,False,False,False,False,False,1,Benford's Law: leading digit over-represented vs. expected distribution
TXN10263,2025-06-30 08:03:00,11500.0,Interest Income,Salary Advance - Interest Income,S. Ngowi,Pendo Ngonyani,True,False,False,False,False,False,1,Benford's Law: leading digit over-represented vs. expected distribution
TXN10163,2025-08-18 13:32:00,11300.0,Processing Fee Income,Agri Loan - Processing Fee Income,R. Temba,Daniel Mrema,True,False,False,False,False,False,1,Benford's Law: leading digit over-represented vs. expected distribution
TXN10380,2025-07-18 17:25:00,11200.0,Processing Fee Income,Group Loan - Processing Fee Income,A. Mwakasege,Daniel Kimaro,True,False,False,False,False,False,1,Benford's Law: leading digit over-represented vs. expected distribution
TXN10188,2025-06-10 17:27:00,11100.0,Processing Fee Income,Salary Advance - Processing Fee Income,S. Ngowi,Mariam Kway,True,False,False,False,False,False,1,Benford's Law: leading digit over-represented vs. expected distribution
TXN10227,2025-01-23 13:34:00,11000.0,Interest Income,Group Loan - Interest Income,S. Ngowi,Faraja Mboya,True,False,False,False,False,False,1,Benford's Law: leading digit over-represented vs. expected distribution
TXN10182,2025-11-07 15:26:00,11000.0,Interest Income,Salary Advance - Interest Income,J. Mushi,Grace Sanga,True,False,False,False,False,False,1,Benford's Law: leading digit over-represented vs. expected distribution
TXN10013,2025-05-16 10:15:00,10900.0,Savings Deposit,Group Loan - Savings Deposit,A. Mwakasege,Salome Sanga,True,False,False,False,False,False,1,Benford's Law: leading digit over-represented vs. expected distribution
TXN10390,2025-10-21 09:17:00,10700.0,Processing Fee Income,Group Loan - Processing Fee Income,J. Mushi,Lucy Sanga,True,False,False,False,False,False,1,Benford's Law: leading digit over-represented vs. expected distribution
TXN10037,2025-02-05 17:04:00,10400.0,Savings Deposit,Agri Loan - Savings Deposit,J. Mushi,Hamisi Shayo,True,False,False,False,False,False,1,Benford's Law: leading digit over-represented vs. expected distribution
TXN10205,2025-12-29 09:19:00,10400.0,Processing Fee Income,Agri Loan - Processing Fee Income,A. Mwakasege,Mariam Mboya,True,False,False,False,False,False,1,Benford's Law: leading digit over-represented vs. expected distribution
TXN10160,2025-05-22 10:08:00,10200.0,Processing Fee Income,Micro Business Loan - Processing Fee Income,J. Mushi,Irene Mwakatobe,True,False,False,False,False,False,1,Benford's Law: leading digit over-represented vs. expected distribution
TXN10426,2025-09-12 13:33:00,10200.0,Processing Fee Income,Agri Loan - Processing Fee Income,A. Mwakasege,Irene Mwakatobe,True,False,False,False,False,False,1,Benford's Law: leading digit over-represented vs. expected distribution
TXN10074,2025-08-04 14:57:00,3300.0,Processing Fee Income,Group Loan - Processing Fee Income,S. Ngowi,Amani Ngonyani,True,False,False,False,False,False,1,Benford's Law: leading digit over-represented vs. expected distribution
